segment,gamma,tau_sec,alpha,LG
1,0.7999999999999996,25.0,0.0,1.8663521027054875
2,1.3499999999999994,28.0,0.5,3.6327922356569817
3,0.7799999999999997,28.0,0.0,1.8216308261221963
